categorie,type,prix,adresse,lien
chaussures-homme,Chaussures homme,22500.0,"location_onFass, Dakar, Sénégal",https://images.coinafrique.com/thumb_5749905_uploaded_image1_1769782261.jpg
chaussures-homme,Crocs Bape,15000.0,"location_onSicap Liberté, Dakar, Sénégal",https://images.coinafrique.com/thumb_5787454_uploaded_image1_1771773206.jpg
chaussures-homme,Chaussures  homme,25000.0,"location_onDakar, Sénégal",https://images.coinafrique.com/thumb_5771502_uploaded_image1_1770903126.jpg
chaussures-homme,Chaussures  homme,20000.0,"location_onDakar, Sénégal",https://images.coinafrique.com/thumb_5771511_uploaded_image1_1770903306.jpg
chaussures-homme,Chaussures  homme,25000.0,"location_onDakar, Sénégal",https://images.coinafrique.com/thumb_5771496_uploaded_image1_1770903006.jpg
chaussures-homme,Chaussures  homme,25000.0,"location_onDakar, Sénégal",https://images.coinafrique.com/thumb_5771489_uploaded_image1_1770902889.jpg
chaussures-homme,Chaussures  homme,25000.0,"location_onDakar, Sénégal",https://images.coinafrique.com/thumb_5771479_uploaded_image1_1770902639.jpg
chaussures-homme,Chaussures  homme,25000.0,"location_onDakar, Sénégal",https://images.coinafrique.com/thumb_5771468_uploaded_image1_1770902125.jpg
chaussures-homme,Nike P6000,25000.0,"location_onDakar, Sénégal",https://images.coinafrique.com/thumb_5771410_uploaded_image1_1770900442.jpg
chaussures-homme,Chaussures  homme,25000.0,"location_onDakar, Sénégal",https://images.coinafrique.com/thumb_5771415_uploaded_image1_1770900566.jpg
chaussures-homme,Chaussures  homme,25000.0,"location_onDakar, Sénégal",https://images.coinafrique.com/thumb_5771406_uploaded_image1_1770900318.jpg
chaussures-homme,Chaussures  homme,25000.0,"location_onDakar, Sénégal",https://images.coinafrique.com/thumb_5771400_uploaded_image1_1770900243.jpg
chaussures-homme,Chaussures  homme,25000.0,"location_onDakar, Sénégal",https://images.coinafrique.com/thumb_5771387_uploaded_image1_1770899906.jpg
chaussures-homme,Chaussures  homme,23000.0,"location_onDakar, Sénégal",https://images.coinafrique.com/thumb_5771394_uploaded_image1_1770900035.jpg
chaussures-homme,Chaussures  homme,23000.0,"location_onDakar, Sénégal",https://images.coinafrique.com/thumb_5771368_uploaded_image1_1770899493.jpg
chaussures-homme,Chaussures  homme,23000.0,"location_onDakar, Sénégal",https://images.coinafrique.com/thumb_5771379_uploaded_image1_1770899713.jpg
chaussures-homme,Vêtements homme,9000.0,"location_onDakar, Sénégal",https://images.coinafrique.com/thumb_5786720_uploaded_image1_1771716679.jpg
chaussures-homme,Chaussures  homme,7500.0,"location_onKeur Massar, Sénégal",https://images.coinafrique.com/thumb_5784030_uploaded_image1_1771586629.jpg
chaussures-homme,Chaussures Prada,27000.0,"location_onDakar, Sénégal",https://images.coinafrique.com/thumb_5774787_uploaded_image1_1771102876.jpg
chaussures-homme,Yeezy foam,20000.0,"location_onParcelle Assainies, Dakar, Sénégal",https://images.coinafrique.com/thumb_5782019_uploaded_image1_1771503299.jpg
chaussures-homme,Crocs homme,12000.0,"location_onParcelle Assainies, Dakar, Sénégal",https://images.coinafrique.com/thumb_5782015_uploaded_image1_1771503221.jpg
chaussures-homme,Crocs homme,12000.0,"location_onParcelle Assainies, Dakar, Sénégal",https://images.coinafrique.com/thumb_5782011_uploaded_image1_1771503146.jpg
chaussures-homme,Chaussures homme en cuir,1300.0,"location_onMedina, Dakar, Sénégal",https://images.coinafrique.com/thumb_5777594_uploaded_image1_1771289196.jpg
chaussures-homme,Sneaker,30000.0,"location_onParcelle Assainies, Dakar, Sénégal",https://images.coinafrique.com/thumb_5777043_uploaded_image1_1771263740.jpg
chaussures-homme,Chaussures homme,15000.0,"location_onDakar, Sénégal",https://images.coinafrique.com/thumb_5774677_uploaded_image1_1771092238.jpg
chaussures-homme,Chaussures homme,15000.0,"location_onMedina, Dakar, Sénégal",https://images.coinafrique.com/thumb_5773520_uploaded_image1_1771005361.jpg
chaussures-homme,Chaussures Hermès,140000.0,"location_onMedina, Dakar, Sénégal",https://images.coinafrique.com/thumb_5773512_uploaded_image1_1771005158.jpg
chaussures-homme,Sandales en cuir,13000.0,"location_onMedina, Dakar, Sénégal",https://images.coinafrique.com/thumb_5770322_uploaded_image1_1770845540.jpg
chaussures-homme,Babouches en cuir,14000.0,"location_onMedina, Dakar, Sénégal",https://images.coinafrique.com/thumb_5770309_uploaded_image1_1770844995.jpg
chaussures-homme,Chaussures  homme,25000.0,"location_onColobane, Dakar, Sénégal",https://images.coinafrique.com/thumb_5769564_uploaded_image1_1770816182.jpg
chaussures-homme,Chaussures  homme,20000.0,"location_onColobane, Dakar, Sénégal",https://images.coinafrique.com/thumb_5769545_uploaded_image1_1770815670.jpg
chaussures-homme,Chaussures  homme,20000.0,"location_onColobane, Dakar, Sénégal",https://images.coinafrique.com/thumb_5769535_uploaded_image1_1770815457.jpg
chaussures-homme,Chaussures  homme,15000.0,"location_onColobane, Dakar, Sénégal",https://images.coinafrique.com/thumb_5769521_uploaded_image1_1770815084.jpg
chaussures-homme,Chaussures  homme,25000.0,"location_onColobane, Dakar, Sénégal",https://images.coinafrique.com/thumb_5769513_uploaded_image1_1770814954.jpg
chaussures-homme,Palladium pampa high,15000.0,"location_onMamelles, Dakar, Sénégal",https://images.coinafrique.com/thumb_5766336_uploaded_image1_1770641061.jpg
chaussures-homme,Crocs sandales,6000.0,"location_onFass, Dakar, Sénégal",https://images.coinafrique.com/thumb_5714676_uploaded_image1_1768087120.jpg
chaussures-homme,Baskets Nike,13000.0,"location_onMariste, Dakar, Sénégal",https://images.coinafrique.com/thumb_5762812_uploaded_image1_1770417372.jpg
chaussures-homme,Sandales orthopédique,15000.0,"location_onDakar Plateau, Dakar, Sénégal",https://images.coinafrique.com/thumb_5762297_uploaded_image1_1770399973.jpg
chaussures-homme,Chaussures homme,30000.0,"location_onDakar, Sénégal",https://images.coinafrique.com/thumb_5760609_uploaded_image1_1770326218.jpg
chaussures-homme,Jordan 4 authentiques originales,40000.0,"location_onDakar Plateau, Dakar, Sénégal",https://images.coinafrique.com/thumb_5760593_uploaded_image1_1770325855.jpg
chaussures-homme,Chaussures  homme,13000.0,"location_onMariste, Dakar, Sénégal",https://images.coinafrique.com/thumb_5760425_uploaded_image1_1770321277.jpg
chaussures-homme,Sneakers navy flex,30000.0,"location_onColobane, Dakar, Sénégal",https://images.coinafrique.com/thumb_5759795_uploaded_image1_1770295782.jpg
chaussures-homme,Baskets Adidas Samba,30000.0,"location_onDakar, Sénégal",https://images.coinafrique.com/thumb_5758567_uploaded_image1_1770231739.jpg
chaussures-homme,Baskets Adidas/ Adistar répétitor,18000.0,"location_onDakar, Sénégal",https://images.coinafrique.com/thumb_5758312_uploaded_image1_1770221944.jpg
chaussures-homme,Chaussures hommes,13000.0,"location_onDiamalaye 1, Dakar, Sénégal",https://images.coinafrique.com/thumb_5756505_uploaded_image1_1770135001.jpg
chaussures-homme,Chaussures Hermès,20000.0,"location_onDakar, Sénégal",https://images.coinafrique.com/thumb_5751239_uploaded_image1_1769862397.jpg
chaussures-homme,Baskets Air Force One,12000.0,"location_onOuest Foire, Dakar, Sénégal",https://images.coinafrique.com/thumb_5748304_uploaded_image1_1769701708.jpg
chaussures-homme,Chaussures Timberland,35000.0,"location_onColobane, Dakar, Sénégal",https://images.coinafrique.com/thumb_5748200_uploaded_image1_1769697271.jpg
chaussures-homme,Baskets Hugo Boss,20000.0,"location_onColobane, Dakar, Sénégal",https://images.coinafrique.com/thumb_5748195_uploaded_image1_1769697106.jpg
chaussures-homme,Chaussures  homme,18000.0,"location_onParcelle Assainies, Dakar, Sénégal",https://images.coinafrique.com/thumb_5747868_uploaded_image1_1769685507.jpg
chaussures-homme,Chaussures  homme,22000.0,"location_onDakar, Sénégal",https://images.coinafrique.com/thumb_5746871_uploaded_image1_1769620042.jpg
chaussures-homme,Vans Timberland,17000.0,"location_onDakar, Sénégal",https://images.coinafrique.com/thumb_5746866_uploaded_image1_1769619782.jpg
chaussures-homme,Chaussures TN,14900.0,"location_onDakar, Sénégal",https://images.coinafrique.com/thumb_5745917_uploaded_image1_1769593923.jpg
chaussures-homme,Chaussures Campus,14900.0,"location_onDakar, Sénégal",https://images.coinafrique.com/thumb_5745914_uploaded_image1_1769593852.jpg
chaussures-homme,Chaussures tn,14900.0,"location_onDakar, Sénégal",https://images.coinafrique.com/thumb_5745876_uploaded_image1_1769593110.jpg
chaussures-homme,Chaussures Campus,14900.0,"location_onDakar, Sénégal",https://images.coinafrique.com/thumb_5745868_uploaded_image1_1769592986.jpg
chaussures-homme,Timberlands Louis Vouitton,35000.0,"location_onOuest Foire, Dakar, Sénégal",https://images.coinafrique.com/thumb_5740532_uploaded_image1_1769344299.jpg
chaussures-homme,Baskets New Balance 1000,30000.0,"location_onOuest Foire, Dakar, Sénégal",https://images.coinafrique.com/thumb_5740531_uploaded_image1_1769344168.jpg
chaussures-homme,Timberlands Louis Vouitton,35000.0,"location_onOuest Foire, Dakar, Sénégal",https://images.coinafrique.com/thumb_5740527_uploaded_image1_1769343954.jpg
chaussures-homme,Chaussures Sebago,13000.0,"location_onColobane, Dakar, Sénégal",https://images.coinafrique.com/thumb_5737758_uploaded_image1_1769194673.jpg
chaussures-homme,Chaussures  homme,32000.0,"location_onDakar, Sénégal",https://images.coinafrique.com/thumb_5729550_uploaded_image1_1768854964.jpg
chaussures-homme,Baskets Hermes Chypre,10000.0,"location_onParcelle Assainies, Dakar, Sénégal",https://images.coinafrique.com/thumb_5724452_uploaded_image1_1768570104.jpg
chaussures-homme,Crocs homme,8000.0,"location_onKeur Massar, Sénégal",https://images.coinafrique.com/thumb_5720276_uploaded_image1_1768382635.jpg
chaussures-homme,Chaussures New Balance 1000,25000.0,"location_onDakar, Sénégal",https://images.coinafrique.com/thumb_5719053_uploaded_image1_1768321893.jpg
chaussures-homme,Chaussures New Balance 1000,25000.0,"location_onDakar, Sénégal",https://images.coinafrique.com/thumb_5719051_uploaded_image1_1768321795.jpg
chaussures-homme,Baskets Sebago,13000.0,"location_onColobane, Dakar, Sénégal",https://images.coinafrique.com/thumb_5719030_uploaded_image1_1768320367.jpg
chaussures-homme,Baskets New Balance 1000,25000.0,"location_onColobane, Dakar, Sénégal",https://images.coinafrique.com/thumb_5719027_uploaded_image1_1768320204.jpg
chaussures-homme,Baskets New Balance 530,25000.0,"location_onColobane, Dakar, Sénégal",https://images.coinafrique.com/thumb_5719023_uploaded_image1_1768320082.jpg
chaussures-homme,Baskets Adidas Samba,20000.0,"location_onColobane, Dakar, Sénégal",https://images.coinafrique.com/thumb_5719018_uploaded_image1_1768319934.jpg
chaussures-homme,Chaussures orthopédiques,10000.0,"location_onMedina, Dakar, Sénégal",https://images.coinafrique.com/thumb_5716881_uploaded_image1_1768228848.jpg
chaussures-homme,Baskets Nike TN,15000.0,"location_onParcelle Assainies, Dakar, Sénégal",https://images.coinafrique.com/thumb_5716742_uploaded_image1_1768223689.jpg
chaussures-homme,Mocassins homme,12000.0,"location_onDakar Plateau, Dakar, Sénégal",https://images.coinafrique.com/thumb_5716397_uploaded_image1_1768212595.jpg
chaussures-homme,Chaussures  homme,12000.0,"location_onDakar Plateau, Dakar, Sénégal",https://images.coinafrique.com/thumb_5716365_uploaded_image1_1768211528.jpg
chaussures-homme,Chaussures  homme,22000.0,"location_onYoff, Dakar, Sénégal",https://images.coinafrique.com/thumb_5715935_uploaded_image1_1768181423.jpg
chaussures-homme,Chaussures  homme,18000.0,"location_onYoff, Dakar, Sénégal",https://images.coinafrique.com/thumb_5715932_uploaded_image1_1768181055.jpg
chaussures-homme,Chaussures  homme,15000.0,"location_onParcelle Assainies, Dakar, Sénégal",https://images.coinafrique.com/thumb_5714834_uploaded_image1_1768103056.jpg
chaussures-homme,Sandales homme,25000.0,"location_onDakar Plateau, Dakar, Sénégal",https://images.coinafrique.com/thumb_5713963_uploaded_image1_1768047987.jpg
